cluster,mean_Recency,mean_Frequency,mean_Monetary,n_customers,mean_Recency_norm,mean_Frequency_norm,mean_Monetary_norm,risk_score
0,24.01240694789082,61.759305210918114,281342.476426799,403,0.0,0.29402262125115014,0.32060740185534015,-0.6146300231064903
1,24.166666666666668,191.7143137254902,741107.9117647059,102,0.007705455176202405,1.0,1.0,-1.9922945448237976
2,44.0319535221496,7.636165577342048,64377.790486565,2754,1.0,0.0,0.0,1.0
